Zipcode,GM_SAMP_COLLECTION_DATE,GM_RESULT,GM_WELL_CATEGORY
95961,1/27/99,18.0,Municipal
95961,12/20/00,13.0,Municipal
95926,12/5/94,11.6,Municipal
95926,12/20/93,14.0,Municipal
95926,12/15/94,12.0,Municipal
95926,3/23/95,14.0,Municipal
95953,8/10/98,10.7,Municipal
95953,9/10/98,11.6,Municipal
95953,10/2/98,11.4,Municipal
95953,10/26/99,12.0,Municipal
95953,11/15/94,11.6,Municipal
95953,12/6/94,12.3,Municipal
95953,6/12/96,35.9,"Water Supply, Other"
95901,6/30/99,10.0,Municipal
95901,12/27/99,14.0,Municipal
95901,12/28/00,16.0,Municipal
95695,12/18/96,11.0,Municipal
95695,2/27/97,10.0,Municipal
95620,9/5/00,10.0,Municipal
95620,1/18/99,12.0,Municipal
95620,8/5/90,14.0,Municipal
95620,4/30/91,10.0,Municipal
95620,5/8/90,12.0,Municipal
95620,5/19/98,10.0,Municipal
95620,5/27/98,11.0,Municipal
95620,1/11/99,18.0,Municipal
95620,8/10/99,17.8,Municipal
95620,1/6/95,16.0,Municipal
95620,11/7/00,10.0,Municipal
95620,5/4/98,11.0,Municipal
95618,11/8/90,31.6,Municipal
95776,8/1/00,21.0,Municipal
95616,12/20/95,10.0,Municipal
95616,12/16/99,16.9,Municipal
95632,6/19/96,10.1,Municipal
95632,7/10/95,15.1,"Water Supply, Other"
93312,12/14/93,10.0,Municipal
93312,3/7/94,11.0,Municipal
93312,4/14/94,15.0,Municipal
93312,9/4/90,14.0,Municipal
93312,3/20/91,11.0,Municipal
93312,3/11/92,12.0,Municipal
93312,3/24/93,12.7,Municipal
93312,11/30/93,16.1,Municipal
93312,1/26/94,14.0,Municipal
93312,11/10/94,16.0,Municipal
93267,11/20/90,14.0,Municipal
93267,2/4/91,14.0,Municipal
93267,2/11/92,15.0,Municipal
93267,11/5/92,14.6,Municipal
93267,5/11/93,14.0,Municipal
93267,9/28/93,14.0,Municipal
93267,11/9/93,14.0,Municipal
93267,7/6/94,16.0,Municipal
93267,9/26/94,17.0,Municipal
93267,3/8/95,16.0,Municipal
93267,5/23/95,17.0,Municipal
93267,7/12/95,17.0,Municipal
93267,11/28/95,17.0,Municipal
93267,6/20/96,16.0,Municipal
93267,7/30/96,15.0,Municipal
93267,10/31/96,11.0,Municipal
93267,1/28/97,13.0,Municipal
93267,2/13/97,15.0,Municipal
93267,5/30/97,11.0,Municipal
93267,6/24/97,14.0,Municipal
93267,7/24/97,12.0,Municipal
93267,8/19/97,15.0,Municipal
93267,4/3/98,15.0,Municipal
93267,9/24/98,14.0,Municipal
93267,12/11/98,15.0,Municipal
93267,9/20/99,15.0,Municipal
93267,12/23/99,16.0,Municipal
93267,1/20/00,15.0,Municipal
93267,3/27/00,10.0,Municipal
93267,5/16/00,11.0,Municipal
93267,8/4/00,16.0,Municipal
93267,11/13/00,15.0,Municipal
93267,11/20/90,18.0,Municipal
93267,2/4/91,18.0,Municipal
93267,2/11/92,16.0,Municipal
93267,11/5/92,16.8,Municipal
93267,5/11/93,16.0,Municipal
93267,9/28/93,15.0,Municipal
93267,11/9/93,14.0,Municipal
93267,11/20/90,13.0,Municipal
93267,2/11/92,13.0,Municipal
93267,11/5/92,14.6,Municipal
93267,11/5/92,14.1,Municipal
93267,5/11/93,13.0,Municipal
93267,11/20/90,16.0,Municipal
93267,2/4/91,14.0,Municipal
93267,2/11/92,14.0,Municipal
93267,11/5/92,16.5,Municipal
93267,5/11/93,15.0,Municipal
93267,9/28/93,15.0,Municipal
93267,11/20/90,14.0,Municipal
93267,2/4/91,15.0,Municipal
93267,2/11/92,13.0,Municipal
93267,11/5/92,13.2,Municipal
93267,5/11/93,13.0,Municipal
93267,9/28/93,12.0,Municipal
93267,3/18/96,15.0,Municipal
93267,7/25/96,15.0,Municipal
93267,9/12/96,17.0,Municipal
93646,10/31/96,13.0,Municipal
93646,6/24/98,20.0,Municipal
93646,6/24/98,10.0,Municipal
93727,6/9/98,11.0,Municipal
93727,5/22/98,10.0,Municipal
93727,6/16/98,10.0,Municipal
93727,8/26/98,10.0,Municipal
93727,9/15/98,11.0,Municipal
93727,11/17/98,11.0,Municipal
93727,12/3/98,11.0,Municipal
93727,12/7/98,11.0,Municipal
93727,12/17/98,12.0,Municipal
93727,2/26/97,15.0,Municipal
93727,1/9/96,13.0,Municipal
93727,8/16/95,14.0,Municipal
93727,1/9/96,14.0,Municipal
93727,1/9/96,13.0,Municipal
93727,1/10/96,14.0,Municipal
93727,1/10/96,14.0,Municipal
93727,1/10/96,14.0,Municipal
93727,1/11/96,14.0,Municipal
93727,1/17/96,15.0,Municipal
93727,1/17/96,14.0,Municipal
93727,1/18/96,14.0,Municipal
93727,1/18/96,14.0,Municipal
93727,1/18/96,14.0,Municipal
93727,1/18/96,13.0,Municipal
93727,1/19/96,18.0,Municipal
93727,1/19/96,18.0,Municipal
93727,1/23/96,14.0,Municipal
93727,1/25/96,14.0,Municipal
93727,10/15/96,15.0,Municipal
93727,10/30/96,14.0,Municipal
93727,10/30/96,14.0,Municipal
93727,10/30/96,14.0,Municipal
93727,11/4/96,15.0,Municipal
93727,2/24/97,15.0,Municipal
93727,2/26/97,14.0,Municipal
93727,3/5/97,14.0,Municipal
93727,3/7/97,12.0,Municipal
93727,3/10/97,14.0,Municipal
93727,3/13/97,14.0,Municipal
93727,3/17/97,14.0,Municipal
93727,3/24/97,14.0,Municipal
93727,3/27/97,15.0,Municipal
93727,3/31/97,14.0,Municipal
93727,4/7/97,14.0,Municipal
93727,4/10/97,14.0,Municipal
93727,4/14/97,14.0,Municipal
93727,4/17/97,14.0,Municipal
93727,4/21/97,14.0,Municipal
93727,4/24/97,13.0,Municipal
93727,4/28/97,13.0,Municipal
93727,4/30/97,14.0,Municipal
93727,5/1/97,14.0,Municipal
93727,5/6/97,13.0,Municipal
93727,5/12/97,13.0,Municipal
93727,5/19/97,13.0,Municipal
93727,5/28/97,13.0,Municipal
93727,5/29/97,13.0,Municipal
93727,6/2/97,14.0,Municipal
93727,6/10/97,13.0,Municipal
93727,6/16/97,13.0,Municipal
93727,6/23/97,13.0,Municipal
93727,6/30/97,13.0,Municipal
93727,7/8/97,13.0,Municipal
93727,7/14/97,13.0,Municipal
93727,7/21/97,14.0,Municipal
93727,7/29/97,13.0,Municipal
93727,8/1/97,13.0,Municipal
93727,8/7/97,12.0,Municipal
93727,8/11/97,13.0,Municipal
93727,8/18/97,13.0,Municipal
93727,8/25/97,13.0,Municipal
93727,9/2/97,14.0,Municipal
93727,9/8/97,13.0,Municipal
93727,9/15/97,14.0,Municipal
93727,9/25/97,13.0,Municipal
93727,9/30/97,13.0,Municipal
93727,10/1/97,13.0,Municipal
93727,10/6/97,12.0,Municipal
93727,10/14/97,13.0,Municipal
93727,10/22/97,13.0,Municipal
93727,10/27/97,13.0,Municipal
93727,10/31/97,12.0,Municipal
93727,11/5/97,13.0,Municipal
93727,11/10/97,12.0,Municipal
93727,11/17/97,13.0,Municipal
93727,11/24/97,13.0,Municipal
93727,11/26/97,13.0,Municipal
93727,12/1/97,13.0,Municipal
93727,12/8/97,13.0,Municipal
93727,12/31/97,12.0,Municipal
93727,1/27/98,12.0,Municipal
93727,1/30/98,12.0,Municipal
93727,2/2/98,12.0,Municipal
93727,2/9/98,12.0,Municipal
93727,2/23/98,12.0,Municipal
93727,3/2/98,12.0,Municipal
93727,3/9/98,12.0,Municipal
93727,3/16/98,12.0,Municipal
93727,4/8/98,13.0,Municipal
93727,5/7/98,12.0,Municipal
93727,5/12/98,12.0,Municipal
93727,5/18/98,12.0,Municipal
93727,5/29/98,12.0,Municipal
93727,6/4/98,12.0,Municipal
93727,6/10/98,12.0,Municipal
93727,6/15/98,11.0,Municipal
93727,6/30/98,12.0,Municipal
93727,7/2/98,12.0,Municipal
93727,7/14/98,12.0,Municipal
93727,7/20/98,11.0,Municipal
93727,7/27/98,11.0,Municipal
93727,8/7/98,12.0,Municipal
93727,8/11/98,12.0,Municipal
93727,8/18/98,11.0,Municipal
93727,8/24/98,11.0,Municipal
93727,9/3/98,11.0,Municipal
93727,9/28/98,11.0,Municipal
93727,10/5/98,12.0,Municipal
93727,10/12/98,12.0,Municipal
93727,10/19/98,12.0,Municipal
93727,10/26/98,12.0,Municipal
93727,11/5/98,12.0,Municipal
93727,11/13/98,12.0,Municipal
93727,11/16/98,11.0,Municipal
93727,11/24/98,11.0,Municipal
93727,12/3/98,12.0,Municipal
93727,12/7/98,12.0,Municipal
93727,12/14/98,12.0,Municipal
93727,12/23/98,12.0,Municipal
93727,12/29/98,12.0,Municipal
93727,1/6/99,11.0,Municipal
93727,1/20/99,11.0,Municipal
93727,1/27/99,11.0,Municipal
93727,2/2/99,12.0,Municipal
93727,2/8/99,11.0,Municipal
93727,2/18/99,11.0,Municipal
93727,3/5/99,10.0,Municipal
93727,3/11/99,11.0,Municipal
93727,3/15/99,10.0,Municipal
93727,3/25/99,11.0,Municipal
93727,4/2/99,10.0,Municipal
93727,4/9/99,11.0,Municipal
93727,5/13/99,10.0,Municipal
93727,5/18/99,10.0,Municipal
93727,6/4/99,10.0,Municipal
93727,6/10/99,10.0,Municipal
93727,6/14/99,10.0,Municipal
93727,7/14/99,10.0,Municipal
93727,8/18/99,10.0,Municipal
93727,8/23/99,10.0,Municipal
93727,9/2/99,10.0,Municipal
93727,9/9/99,10.0,Municipal
93727,9/13/99,10.0,Municipal
93727,9/20/99,10.0,Municipal
93727,3/30/92,13.0,Municipal
93727,6/23/92,12.0,Municipal
93727,3/13/00,10.0,Municipal
93727,6/2/00,11.0,Municipal
93727,6/12/00,12.0,Municipal
93727,4/27/95,11.0,Municipal
93727,8/13/96,10.0,Municipal
93727,8/13/96,10.0,Municipal
93727,10/4/96,10.0,Municipal
93727,10/4/96,10.0,Municipal
93727,9/14/98,10.0,Municipal
93727,8/5/99,10.4,Municipal
93727,8/7/00,10.0,Municipal
93727,7/20/94,11.0,Municipal
93727,9/12/94,13.0,Municipal
93727,8/31/94,27.3,"Water Supply, Other"
93727,3/8/95,16.8,"Water Supply, Other"
93727,8/31/94,37.8,"Water Supply, Other"
93727,4/10/95,32.8,"Water Supply, Other"
93727,9/1/94,31.0,"Water Supply, Other"
93727,9/1/94,137.0,"Water Supply, Other"
93727,3/8/95,31.0,"Water Supply, Other"
93727,3/8/95,137.0,"Water Supply, Other"
93612,10/7/93,10.0,Municipal
93612,9/25/97,10.0,Municipal
93307,6/25/96,14.0,Municipal
93307,1/23/97,17.0,Municipal
93307,6/17/99,15.0,Municipal
93307,12/21/99,18.0,Municipal
93307,3/8/00,21.0,Municipal
93307,6/13/00,17.0,Municipal
93307,9/26/00,17.0,Municipal
93307,9/28/00,10.0,Municipal
93307,6/11/93,10.0,Municipal
93307,12/15/99,12.4,Municipal
93307,5/25/99,16.0,Municipal
93307,10/25/00,11.0,Municipal
93307,11/9/00,10.5,Municipal
93307,4/21/99,12.0,Municipal
93307,6/2/99,16.0,Municipal
93307,6/22/99,13.0,Municipal
93307,6/24/99,12.0,Municipal
93307,6/24/99,12.0,Municipal
93307,6/24/99,12.0,Municipal
93307,7/14/99,12.0,Municipal
93307,9/9/98,11.0,Municipal
93307,12/2/98,12.0,Municipal
93307,6/21/99,13.0,Municipal
93307,9/13/99,12.0,Municipal
93307,3/22/00,15.2,Municipal
93307,6/12/00,14.8,Municipal
93307,9/22/00,14.2,Municipal
93307,12/8/00,15.0,Municipal
93307,6/7/99,12.0,Municipal
93307,6/9/93,12.0,Municipal
93307,2/1/94,12.0,Municipal
93307,6/9/94,11.0,Municipal
93307,6/7/96,18.0,Municipal
93307,12/17/96,13.0,Municipal
93307,3/6/97,32.1,Municipal
93307,6/5/97,19.5,Municipal
93307,9/3/97,21.0,Municipal
93307,12/10/97,28.9,Municipal
93307,3/5/98,19.0,Municipal
93307,6/8/98,23.7,Municipal
93307,9/11/98,30.3,Municipal
93307,12/7/98,21.0,Municipal
93307,3/4/99,22.0,Municipal
93307,9/1/99,14.0,Municipal
93307,6/7/00,16.4,Municipal
93307,9/21/00,14.9,Municipal
93307,11/9/00,20.8,Municipal
93307,12/5/00,17.9,Municipal
93307,12/5/00,15.7,Municipal
93307,6/14/95,12.4,"Water Supply, Other"
93247,4/28/92,17.5,Municipal
93247,4/3/90,10.0,Municipal
93247,10/16/90,11.0,Municipal
93247,7/2/91,11.0,Municipal
93247,7/9/91,12.0,Municipal
93247,7/16/91,11.0,Municipal
93247,7/23/91,11.0,Municipal
93247,7/30/91,11.0,Municipal
93247,8/7/91,11.0,Municipal
93247,8/13/91,11.0,Municipal
93247,8/21/91,11.0,Municipal
93247,8/27/91,11.0,Municipal
93247,9/3/91,11.0,Municipal
93247,9/11/91,11.0,Municipal
93247,9/17/91,11.0,Municipal
93247,9/24/91,12.0,Municipal
93247,10/1/91,10.0,Municipal
93247,10/8/91,11.0,Municipal
93247,10/15/91,11.0,Municipal
93247,10/22/91,11.0,Municipal
93247,10/29/91,11.0,Municipal
93247,11/5/91,11.0,Municipal
93247,11/12/91,11.0,Municipal
93247,11/19/91,11.0,Municipal
93247,11/26/91,11.0,Municipal
93247,12/3/91,11.0,Municipal
93247,12/10/91,11.0,Municipal
93247,12/17/91,11.0,Municipal
93247,12/30/91,11.0,Municipal
93247,1/7/92,11.0,Municipal
93247,1/14/92,11.0,Municipal
93247,1/21/92,11.0,Municipal
93247,1/28/92,11.0,Municipal
93247,2/4/92,11.0,Municipal
93247,2/11/92,11.0,Municipal
93247,2/18/92,12.0,Municipal
93247,2/25/92,12.0,Municipal
93247,3/3/92,12.0,Municipal
93247,3/10/92,11.0,Municipal
93247,3/17/92,11.0,Municipal
93247,3/24/92,12.0,Municipal
93247,4/28/92,12.0,Municipal
93247,4/28/92,11.2,Municipal
93247,8/25/92,11.0,Municipal
93247,7/1/94,11.0,Municipal
93247,12/22/94,11.0,Municipal
93247,5/31/95,11.0,Municipal
93247,7/26/95,12.0,Municipal
93247,11/28/95,10.0,Municipal
93247,4/3/90,12.0,Municipal
93247,7/10/90,12.0,Municipal
93247,10/16/90,12.0,Municipal
93247,4/28/92,12.0,Municipal
93247,4/3/90,12.0,Municipal
93247,7/10/90,12.0,Municipal
93247,10/16/90,13.0,Municipal
93247,4/28/92,12.4,Municipal
93247,12/20/94,12.0,Municipal
93247,3/8/95,11.0,Municipal
93247,12/7/95,12.0,Municipal
93247,6/20/96,12.0,Municipal
93247,9/19/96,11.0,Municipal
93247,12/19/96,12.0,Municipal
93247,8/22/97,11.0,Municipal
93247,7/30/99,10.0,Municipal
93247,1/25/00,13.0,Municipal
93247,8/16/00,13.0,Municipal
93247,11/13/00,14.0,Municipal
93247,4/28/92,11.8,Municipal
93247,7/1/94,11.9,Municipal
93247,9/23/94,12.5,Municipal
93247,12/20/94,12.0,Municipal
93247,3/8/95,11.0,Municipal
93247,5/23/95,12.0,Municipal
93247,7/12/95,12.0,Municipal
93247,12/7/95,13.0,Municipal
93247,4/11/96,12.0,Municipal
93247,6/20/96,13.0,Municipal
93247,9/19/96,12.0,Municipal
93247,12/19/96,12.0,Municipal
93247,3/28/97,12.0,Municipal
93247,6/26/97,13.0,Municipal
93247,8/22/97,13.0,Municipal
93247,12/30/97,11.0,Municipal
93247,2/3/98,12.0,Municipal
93247,4/3/98,13.0,Municipal
93247,7/10/98,13.0,Municipal
93247,12/10/98,13.0,Municipal
93247,1/25/00,12.0,Municipal
93247,4/21/00,13.0,Municipal
93247,8/16/00,13.0,Municipal
93247,11/13/00,14.0,Municipal
93247,4/28/92,10.6,Municipal
93247,7/1/94,11.0,Municipal
93247,9/23/94,11.0,Municipal
93247,12/20/94,11.0,Municipal
93247,3/8/95,11.0,Municipal
93247,5/23/95,11.0,Municipal
93247,7/12/95,11.0,Municipal
93247,12/7/95,11.0,Municipal
93247,3/26/96,12.0,Municipal
93247,6/20/96,11.0,Municipal
93247,9/19/96,11.0,Municipal
93247,12/19/96,11.0,Municipal
93247,3/28/97,11.0,Municipal
93247,6/26/97,12.0,Municipal
93247,8/22/97,13.0,Municipal
93247,12/30/97,10.0,Municipal
93247,2/3/98,12.0,Municipal
93247,4/3/98,13.0,Municipal
93247,7/10/98,12.0,Municipal
93247,9/24/98,12.0,Municipal
93247,12/10/98,12.0,Municipal
93247,7/30/99,12.0,Municipal
93247,11/8/99,12.0,Municipal
93247,1/25/00,13.0,Municipal
93247,4/21/00,12.0,Municipal
93247,8/16/00,13.0,Municipal
93247,11/13/00,12.0,Municipal
93247,12/20/94,12.0,Municipal
93247,3/8/95,12.0,Municipal
93247,5/23/95,11.0,Municipal
93247,12/7/95,12.0,Municipal
93247,3/26/96,12.0,Municipal
93247,6/20/96,12.0,Municipal
93247,9/19/96,11.0,Municipal
93247,12/19/96,12.0,Municipal
93247,8/22/97,11.0,Municipal
93247,12/10/98,11.0,Municipal
93247,7/30/99,10.0,Municipal
93247,11/8/99,10.0,Municipal
93247,1/25/00,14.0,Municipal
93247,6/19/00,12.0,Municipal
93247,6/28/00,13.0,Municipal
93247,8/16/00,13.0,Municipal
93247,8/16/00,13.0,Municipal
93247,11/13/00,15.0,Municipal
93247,9/9/93,12.0,Municipal
93247,7/1/94,11.0,Municipal
93247,9/23/94,11.0,Municipal
93247,3/8/95,12.0,Municipal
93247,5/23/95,11.0,Municipal
93247,7/12/95,11.0,Municipal
93247,12/7/95,12.0,Municipal
93247,3/26/96,12.0,Municipal
93247,6/20/96,12.0,Municipal
93247,9/19/96,11.0,Municipal
93247,12/19/96,12.0,Municipal
93247,3/28/97,11.0,Municipal
93247,6/26/97,12.0,Municipal
93247,8/22/97,13.0,Municipal
93247,12/30/97,12.0,Municipal
93247,2/3/98,13.0,Municipal
93247,4/3/98,13.0,Municipal
93247,7/10/98,13.0,Municipal
93247,9/24/98,14.0,Municipal
93247,12/10/98,16.0,Municipal
93247,7/30/99,14.0,Municipal
93247,11/8/99,16.0,Municipal
93247,1/25/00,15.0,Municipal
93247,4/21/00,15.0,Municipal
93247,8/16/00,15.0,Municipal
93247,11/13/00,16.0,Municipal
93263,8/17/94,12.0,Municipal
93263,10/18/94,14.0,Municipal
93263,1/15/91,15.0,Municipal
93263,5/11/93,11.0,Municipal
93263,8/18/94,10.5,Municipal
93263,11/17/94,12.0,Municipal
93263,2/28/95,13.0,Municipal
93263,5/18/95,12.5,Municipal
93263,8/16/95,12.0,Municipal
93263,11/20/95,12.0,Municipal
93263,2/8/96,13.0,Municipal
93263,5/21/96,13.5,Municipal
93263,8/27/96,13.2,Municipal
93263,11/22/96,13.4,Municipal
93263,2/19/97,12.7,Municipal
93263,5/9/97,11.8,Municipal
93263,8/4/97,11.9,Municipal
93263,11/11/97,12.0,Municipal
93263,2/10/98,13.0,Municipal
93263,5/5/98,13.0,Municipal
93263,8/11/98,13.0,Municipal
93263,11/4/98,13.0,Municipal
93263,2/10/99,12.0,Municipal
93263,5/7/99,12.0,Municipal
93263,8/4/99,13.0,Municipal
93263,11/15/99,12.0,Municipal
93263,2/7/00,12.3,Municipal
93263,5/8/00,12.0,Municipal
93263,8/1/00,11.9,Municipal
93263,11/3/00,11.6,Municipal
93263,12/21/90,17.0,Municipal
93263,7/19/95,13.0,Municipal
93263,9/1/95,11.0,Municipal
93263,3/7/00,10.5,Municipal
93263,6/7/00,10.6,Municipal
93263,6/7/00,10.7,Municipal
93263,6/23/00,11.0,Municipal
93263,12/21/92,15.0,Municipal
93263,3/1/93,11.0,Municipal
93263,7/12/93,12.0,Municipal
93263,7/19/93,14.0,Municipal
93263,7/28/93,13.0,Municipal
93263,8/2/93,12.0,Municipal
93263,8/12/93,13.0,Municipal
93263,9/7/93,13.0,Municipal
93263,12/29/93,12.0,Municipal
93263,6/3/94,18.0,Municipal
93263,6/30/94,13.0,Municipal
93263,7/19/94,13.6,Municipal
93263,8/2/94,11.7,Municipal
93263,9/2/94,12.0,Municipal
93263,10/3/94,14.0,Municipal
93263,11/2/94,14.0,Municipal
93263,12/12/94,13.0,Municipal
93263,1/11/95,12.0,Municipal
93263,1/31/95,14.0,Municipal
93263,3/6/95,13.0,Municipal
93263,4/7/95,13.0,Municipal
93263,5/3/95,14.0,Municipal
93263,5/30/95,14.0,Municipal
93263,7/3/95,14.0,Municipal
93263,7/28/95,13.0,Municipal
93263,8/16/95,13.0,Municipal
93263,9/20/95,14.5,Municipal
93263,10/12/95,13.0,Municipal
93263,10/23/95,11.4,Municipal
93263,11/6/95,13.0,Municipal
93263,12/6/95,13.5,Municipal
93263,2/1/96,13.1,Municipal
93263,3/12/96,13.5,Municipal
93263,5/8/96,14.3,Municipal
93263,6/12/96,14.4,Municipal
93263,4/30/99,13.0,Municipal
93263,5/10/99,13.0,Municipal
93263,6/23/99,11.0,Municipal
93263,7/29/99,14.0,Municipal
93263,10/26/99,14.0,Municipal
93263,11/29/99,12.0,Municipal
93263,12/27/99,12.8,Municipal
93263,4/28/00,13.0,Municipal
93263,5/25/00,16.0,Municipal
93263,6/8/00,15.0,Municipal
93263,8/9/00,15.0,Municipal
93263,8/9/00,15.0,Municipal
93263,8/9/00,14.0,Municipal
93263,8/9/00,14.0,Municipal
93263,8/9/00,14.0,Municipal
93263,8/9/00,14.0,Municipal
93263,8/23/00,14.0,Municipal
93263,8/29/00,14.0,Municipal
93263,9/5/00,15.0,Municipal
93263,9/5/00,15.0,Municipal
93263,9/12/00,14.0,Municipal
93263,9/20/00,14.0,Municipal
93263,9/26/00,15.0,Municipal
93263,10/5/00,15.0,Municipal
93263,10/11/00,14.0,Municipal
93263,10/17/00,14.0,Municipal
93263,10/26/00,15.0,Municipal
93263,10/31/00,14.0,Municipal
93263,11/7/00,14.0,Municipal
93263,11/14/00,14.0,Municipal
93263,11/20/00,14.0,Municipal
93263,11/27/00,13.9,Municipal
93263,11/27/00,14.0,Municipal
93263,11/29/00,15.0,Municipal
93263,12/4/00,13.5,Municipal
93263,12/6/00,13.3,Municipal
93263,12/6/00,13.3,Municipal
93263,12/6/00,13.2,Municipal
93263,12/6/00,13.2,Municipal
93263,12/6/00,13.2,Municipal
93263,12/14/00,13.7,Municipal
93263,12/20/00,12.9,Municipal
93263,12/20/00,13.1,Municipal
93263,12/20/00,13.3,Municipal
93263,12/20/00,13.1,Municipal
93263,12/20/00,13.1,Municipal
93263,12/27/00,13.4,Municipal
93263,4/22/97,20.0,Municipal
93263,8/7/00,14.3,Municipal
93618,5/15/95,12.0,Municipal
93618,3/11/96,11.0,Municipal
93618,9/17/96,12.0,Municipal
93618,12/16/96,11.0,Municipal
93618,3/17/97,11.0,Municipal
93618,8/15/94,11.0,Municipal
93618,12/19/94,11.0,Municipal
93618,1/17/95,12.0,Municipal
93618,2/21/95,12.0,Municipal
93618,3/20/95,12.0,Municipal
93618,6/17/96,12.0,Municipal
93618,4/18/95,11.0,Municipal
93618,5/15/95,11.0,Municipal
93618,3/11/96,10.0,Municipal
93618,9/17/96,12.0,Municipal
93618,12/16/96,11.0,Municipal
93618,3/17/97,11.0,Municipal
93618,11/11/98,10.0,Municipal
93618,11/12/98,10.0,Municipal
93618,11/13/98,10.0,Municipal
93618,8/15/94,11.0,Municipal
93618,9/19/94,10.0,Municipal
93618,1/17/95,10.0,Municipal
93618,2/21/95,10.0,Municipal
93618,3/20/95,10.0,Municipal
93618,6/17/96,12.0,Municipal
93618,11/8/98,12.0,Municipal
93618,11/9/98,12.0,Municipal
93618,11/9/98,12.0,Municipal
93618,11/9/98,12.0,Municipal
93618,11/10/98,11.0,Municipal
93710,1/24/96,10.0,Municipal
93615,10/17/90,11.0,Municipal
93615,6/26/91,13.0,Municipal
93615,7/18/91,12.0,Municipal
93615,8/27/91,13.0,Municipal
93615,10/30/91,12.0,Municipal
93615,12/30/91,12.0,Municipal
93615,2/26/92,13.0,Municipal
93615,3/26/92,13.4,Municipal
93615,12/19/97,11.0,Municipal
93615,9/23/98,11.0,Municipal
93615,12/3/98,11.0,Municipal
93615,12/10/98,11.0,Municipal
93615,4/18/95,27.0,"Water Supply, Other"
93615,4/18/95,120.0,"Water Supply, Other"
93261,8/11/00,33.9,Municipal
93306,2/24/99,17.0,Municipal
93306,2/24/99,13.0,Municipal
93306,10/20/94,11.0,Municipal
93306,12/15/98,13.0,Municipal
93306,3/17/99,21.0,Municipal
93306,3/17/99,17.0,Municipal
93306,6/19/96,10.3,Municipal
93306,6/24/97,10.0,Municipal
93235,3/5/96,11.0,Municipal
95350,4/9/93,11.8,Municipal
95350,4/9/93,11.83,Municipal
95350,4/13/93,13.0,Municipal
95350,4/14/93,13.0,Municipal
95350,4/15/93,12.0,Municipal
95350,4/30/93,10.0,Municipal
95350,10/1/92,10.89,Municipal
93725,6/7/00,10.0,Municipal
93725,9/28/00,10.0,Municipal
93250,3/2/99,19.0,Municipal
93250,4/11/00,19.0,Municipal
93250,5/2/00,20.0,Municipal
93250,6/6/00,19.0,Municipal
93250,7/11/00,19.0,Municipal
93250,8/8/00,18.0,Municipal
93250,9/19/00,20.0,Municipal
93250,4/7/93,15.0,Municipal
93250,1/5/94,19.0,Municipal
93250,2/3/94,17.0,Municipal
93250,3/14/94,16.0,Municipal
93250,4/15/94,17.0,Municipal
93250,5/4/94,21.0,Municipal
93250,6/8/94,16.0,Municipal
93250,8/4/94,17.1,Municipal
93250,9/19/94,16.0,Municipal
93250,10/7/94,18.0,Municipal
93250,11/3/94,16.0,Municipal
93250,12/6/94,16.0,Municipal
93250,1/19/95,17.0,Municipal
93250,2/8/95,17.0,Municipal
93250,3/13/95,17.0,Municipal
93250,4/18/95,17.0,Municipal
93250,5/3/95,18.0,Municipal
93250,6/5/95,16.0,Municipal
93250,7/21/95,17.0,Municipal
93250,8/21/95,17.0,Municipal
93250,9/21/95,18.0,Municipal
93250,10/26/95,20.0,Municipal
93250,11/16/95,18.0,Municipal
93250,12/11/95,22.6,Municipal
93250,1/18/96,18.0,Municipal
93250,2/8/96,16.0,Municipal
93250,3/5/96,16.0,Municipal
93250,4/18/96,16.0,Municipal
93250,5/9/96,17.0,Municipal
93250,6/11/96,18.0,Municipal
93250,7/11/96,18.0,Municipal
93250,8/12/96,19.0,Municipal
93250,12/17/96,19.0,Municipal
93250,2/3/97,18.0,Municipal
93250,2/19/97,16.0,Municipal
93250,3/4/97,18.0,Municipal
93250,4/8/97,18.0,Municipal
93250,6/16/97,17.0,Municipal
93250,7/16/97,21.0,Municipal
93250,8/19/97,19.0,Municipal
93250,9/2/97,19.0,Municipal
93250,10/27/97,18.0,Municipal
93250,3/24/98,19.0,Municipal
93250,4/7/98,17.0,Municipal
93250,5/19/98,18.0,Municipal
93250,6/23/98,17.0,Municipal
93250,7/14/98,16.0,Municipal
93250,8/3/98,18.0,Municipal
93250,9/8/98,19.0,Municipal
93250,10/13/98,19.0,Municipal
93250,10/27/98,19.0,Municipal
93250,11/3/98,19.0,Municipal
93250,12/8/98,20.0,Municipal
93250,1/4/99,18.0,Municipal
93250,2/9/99,20.0,Municipal
93250,4/12/99,17.0,Municipal
93250,5/10/99,19.0,Municipal
93250,6/1/99,19.0,Municipal
93250,7/13/99,19.0,Municipal
93250,8/10/99,19.0,Municipal
93250,9/7/99,18.0,Municipal
93250,11/2/99,21.0,Municipal
93250,12/20/99,19.0,Municipal
93250,1/4/00,19.0,Municipal
93250,2/8/00,19.0,Municipal
93250,3/14/00,18.0,Municipal
93250,10/17/00,21.0,Municipal
93250,3/9/99,19.0,Municipal
93250,4/11/00,20.0,Municipal
93250,5/2/00,19.0,Municipal
93250,6/6/00,18.0,Municipal
93250,4/7/93,18.0,Municipal
93250,1/5/94,18.0,Municipal
93250,2/3/94,18.0,Municipal
93250,3/14/94,17.0,Municipal
93250,4/15/94,20.0,Municipal
93250,5/4/94,23.9,Municipal
93250,6/8/94,18.0,Municipal
93250,7/20/94,16.2,Municipal
93250,8/11/94,18.3,Municipal
93250,9/19/94,19.0,Municipal
93250,10/11/94,19.0,Municipal
93250,11/3/94,19.0,Municipal
93250,12/6/94,19.0,Municipal
93250,1/19/95,19.0,Municipal
93250,2/8/95,19.0,Municipal
93250,3/14/95,18.0,Municipal
93250,4/26/95,19.5,Municipal
93250,5/3/95,20.0,Municipal
93250,6/5/95,18.0,Municipal
93250,7/21/95,18.0,Municipal
93250,8/21/95,18.0,Municipal
93250,9/21/95,18.0,Municipal
93250,10/26/95,21.0,Municipal
93250,11/16/95,20.0,Municipal
93250,12/11/95,18.0,Municipal
93250,1/18/96,19.0,Municipal
93250,2/8/96,17.0,Municipal
93250,3/5/96,17.0,Municipal
93250,4/18/96,20.0,Municipal
93250,5/9/96,19.0,Municipal
93250,6/11/96,19.0,Municipal
93250,7/11/96,18.0,Municipal
93250,12/17/96,19.0,Municipal
93250,1/6/97,18.0,Municipal
93250,2/19/97,17.0,Municipal
93250,3/14/97,18.0,Municipal
93250,4/8/97,19.0,Municipal
93250,7/16/97,19.0,Municipal
93250,8/19/97,19.0,Municipal
93250,9/22/97,20.0,Municipal
93250,10/27/97,17.0,Municipal
93250,3/31/98,17.0,Municipal
93250,4/7/98,19.0,Municipal
93250,5/19/98,18.0,Municipal
93250,6/23/98,19.0,Municipal
93250,7/21/98,18.0,Municipal
93250,8/3/98,19.0,Municipal
93250,9/21/98,20.0,Municipal
93250,10/26/98,18.0,Municipal
93250,11/9/98,17.0,Municipal
93250,12/15/98,19.0,Municipal
93250,1/4/99,19.0,Municipal
93250,2/9/99,19.0,Municipal
93250,4/12/99,18.0,Municipal
93250,5/10/99,19.0,Municipal
93250,6/8/99,23.9,Municipal
93250,7/20/99,18.0,Municipal
93250,8/10/99,19.0,Municipal
93250,10/26/99,19.0,Municipal
93250,11/2/99,20.0,Municipal
93250,12/20/99,19.0,Municipal
93250,1/4/00,19.0,Municipal
93250,2/8/00,19.0,Municipal
93250,3/21/00,19.0,Municipal
93250,3/2/95,11.0,Municipal
93250,7/23/98,15.0,Municipal
93250,1/10/91,16.0,Municipal
93703,9/13/94,10.0,Municipal
93647,7/14/92,44.7,Municipal
93647,9/29/94,38.0,Municipal
93647,11/1/94,31.2,Municipal
93647,12/12/94,27.1,Municipal
93647,1/23/95,22.6,Municipal
93704,3/13/00,11.0,Municipal
93308,2/25/00,16.0,Municipal
93308,3/8/00,11.0,Municipal
93308,9/28/00,10.2,Municipal
93308,11/10/00,10.2,Municipal
93308,11/13/00,10.2,Municipal
93308,11/20/00,10.1,Municipal
93308,12/11/00,10.5,Municipal
93308,12/21/00,11.4,Municipal
93308,12/28/00,10.4,Municipal
93308,5/20/93,15.0,Municipal
93308,9/13/93,17.0,Municipal
93308,12/13/93,14.0,Municipal
93308,3/14/94,13.0,Municipal
93308,6/13/94,14.0,Municipal
93308,9/14/94,14.0,Municipal
93308,12/14/94,13.0,Municipal
93308,3/8/95,13.0,Municipal
93308,6/7/95,14.0,Municipal
93308,9/6/95,15.5,Municipal
93308,3/6/96,12.0,Municipal
93308,6/5/96,17.1,Municipal
93308,9/11/96,18.0,Municipal
93308,12/18/96,16.8,Municipal
93308,3/12/97,16.0,Municipal
93308,6/11/97,17.2,Municipal
93308,9/10/97,18.0,Municipal
93308,12/15/97,20.0,Municipal
93308,4/8/98,12.0,Municipal
93308,6/9/98,17.0,Municipal
93308,7/19/99,18.0,Municipal
93308,7/11/00,18.1,Municipal
93308,2/10/92,11.0,Municipal
93308,4/21/93,12.0,Municipal
93308,3/9/94,11.0,Municipal
93308,6/15/94,12.0,Municipal
93308,9/21/94,12.0,Municipal
93308,12/13/94,12.0,Municipal
93308,3/15/95,12.0,Municipal
93308,6/15/95,11.0,Municipal
93308,6/15/95,11.0,Municipal
93308,12/19/95,10.0,Municipal
93308,5/14/96,10.0,Municipal
93308,2/10/00,11.8,Municipal
93308,2/25/00,11.8,Municipal
93308,3/2/94,10.0,Municipal
93308,9/7/94,10.0,Municipal
93308,12/12/94,11.0,Municipal
93308,3/14/95,15.0,Municipal
93308,7/13/95,13.0,Municipal
93308,7/13/95,13.0,Municipal
93308,3/14/95,10.0,Municipal
93308,10/7/97,13.3,Municipal
93308,12/2/97,35.2,Municipal
93308,6/29/00,44.5,Municipal
93257,3/30/98,11.0,Municipal
93257,6/8/00,16.0,Municipal
93257,6/22/00,19.0,Municipal
93257,6/22/00,19.0,Municipal
93257,7/6/00,18.1,Municipal
93257,11/16/98,11.0,Municipal
93257,5/4/95,10.0,Municipal
93257,8/16/00,10.9,Municipal
93257,1/22/91,10.0,Municipal
93257,8/10/99,14.4,Municipal
93257,6/17/98,12.0,Municipal
93257,5/4/00,15.0,Municipal
93257,2/18/98,10.0,Municipal
93257,6/2/98,11.0,Municipal
93257,8/10/99,14.4,Municipal
93257,8/16/00,13.5,Municipal
93257,10/18/00,12.0,Municipal
93706,7/20/93,17.0,Municipal
93706,7/20/93,17.0,Municipal
93706,7/20/93,16.0,Municipal
93706,7/20/93,16.0,Municipal
93706,7/20/93,16.0,Municipal
93706,7/20/93,16.0,Municipal
93706,7/20/93,15.0,Municipal
93706,7/21/93,14.0,Municipal
93706,7/21/93,14.0,Municipal
93706,7/21/93,14.0,Municipal
93706,7/21/93,13.0,Municipal
93706,7/21/93,13.0,Municipal
93706,7/21/93,13.0,Municipal
93706,7/21/93,13.0,Municipal
93706,7/21/93,13.0,Municipal
93706,3/19/98,13.0,Municipal
93706,2/4/98,14.0,Municipal
93706,7/24/95,57.5,"Water Supply, Other"
93706,7/24/95,13.0,"Water Supply, Other"
93706,3/28/95,34.0,"Water Supply, Other"
93706,3/28/95,150.0,"Water Supply, Other"
93720,6/26/97,11.0,Municipal
93720,6/27/97,10.0,Municipal
93720,7/8/97,10.0,Municipal
93720,9/19/96,12.0,Municipal
93720,9/19/96,12.0,Municipal
95368,1/27/93,10.6,Municipal
95368,1/28/93,10.6,Municipal
95356,7/9/90,13.0,Municipal
95356,7/19/90,13.0,Municipal
95356,7/20/90,13.0,Municipal
95356,7/20/90,13.0,Municipal
95356,7/21/90,14.0,Municipal
95356,7/22/90,13.0,Municipal
95356,7/23/90,13.0,Municipal
95356,7/12/95,84.1,"Water Supply, Other"
95356,7/12/95,19.0,"Water Supply, Other"
93722,1/27/97,13.0,Municipal
93722,2/10/97,13.0,Municipal
93309,4/13/93,11.0,Municipal
93309,9/21/93,12.0,Municipal
95307,6/9/97,10.0,Municipal
95307,6/9/97,10.0,Municipal
95307,6/9/97,10.0,Municipal
95307,1/28/98,10.1,Municipal
95307,8/6/98,10.0,Municipal
95307,2/7/91,10.9,Municipal
95307,2/13/92,12.0,Municipal
95307,2/13/92,12.0,Municipal
95307,10/22/92,12.0,Municipal
95307,10/27/92,11.5,Municipal
95307,10/28/92,11.5,Municipal
95307,9/8/99,10.1,Municipal
95307,7/18/95,31.4,"Water Supply, Other"
93314,12/29/92,10.0,Municipal
95351,4/9/90,11.0,Municipal
95351,1/4/94,10.09,Municipal
95351,1/12/94,11.0,Municipal
95351,1/21/94,10.08,Municipal
95351,1/21/94,10.08,Municipal
95351,1/28/94,10.05,Municipal
95351,2/4/94,10.55,Municipal
95351,3/18/94,10.05,Municipal
95351,3/22/94,10.43,Municipal
95351,4/8/94,10.77,Municipal
95351,4/11/94,10.27,Municipal
95351,4/15/94,10.44,Municipal
95351,4/18/94,10.07,Municipal
95351,4/20/94,10.49,Municipal
95351,4/29/94,10.06,Municipal
95351,5/18/94,10.3,Municipal
95351,5/23/94,10.27,Municipal
95351,6/7/94,10.09,Municipal
95351,7/5/94,10.63,Municipal
95351,10/7/94,11.12,Municipal
95351,8/1/90,13.0,Municipal
95351,8/6/90,10.5,Municipal
95351,11/19/90,10.9,Municipal
95351,11/20/90,11.5,Municipal
95351,11/21/90,13.2,Municipal
95351,11/26/90,12.1,Municipal
95351,11/27/90,20.9,Municipal
95351,11/28/90,20.5,Municipal
95351,12/3/90,20.5,Municipal
95351,12/12/90,15.6,Municipal
95351,12/17/90,21.2,Municipal
95351,12/26/90,15.5,Municipal
95351,1/2/91,12.14,Municipal
95351,1/7/91,10.66,Municipal
95351,1/14/91,11.08,Municipal
95351,1/22/91,10.4,Municipal
95351,1/28/91,12.41,Municipal
95351,2/4/91,15.36,Municipal
95351,2/11/91,14.1,Municipal
95351,2/19/91,10.13,Municipal
95351,2/25/91,10.81,Municipal
95351,6/3/91,11.83,Municipal
95351,6/12/91,10.76,Municipal
95351,6/17/91,11.04,Municipal
95351,6/24/91,12.51,Municipal
95351,7/2/91,11.42,Municipal
95351,7/8/91,11.35,Municipal
95351,7/16/91,10.97,Municipal
95351,7/22/91,10.94,Municipal
95351,7/31/91,12.07,Municipal
95351,8/5/91,11.6,Municipal
95351,8/12/91,11.55,Municipal
95351,8/20/91,11.74,Municipal
95351,8/22/91,11.3,Municipal
95351,8/23/91,13.79,Municipal
95351,8/26/91,11.72,Municipal
95351,8/28/91,22.04,Municipal
95351,8/29/91,11.48,Municipal
95351,8/30/91,11.37,Municipal
95351,12/2/91,16.78,Municipal
95351,12/4/91,16.61,Municipal
95351,12/6/91,16.33,Municipal
95351,12/9/91,16.36,Municipal
95351,12/11/91,16.24,Municipal
95351,12/13/91,15.58,Municipal
95351,12/16/91,15.32,Municipal
95351,12/18/91,15.38,Municipal
95351,12/22/91,15.45,Municipal
95351,12/30/91,13.96,Municipal
95351,1/3/92,13.86,Municipal
95351,1/6/92,15.49,Municipal
95351,1/8/92,14.14,Municipal
95351,1/10/92,14.23,Municipal
95351,1/13/92,14.51,Municipal
95351,1/15/92,14.24,Municipal
95351,1/17/92,14.29,Municipal
95351,1/21/92,13.69,Municipal
95351,1/24/92,13.2,Municipal
95351,1/27/92,13.97,Municipal
95351,1/29/92,13.56,Municipal
95351,2/3/92,12.94,Municipal
95351,2/5/92,12.08,Municipal
95351,2/7/92,23.069,Municipal
95351,2/10/92,12.45,Municipal
95351,2/12/92,13.56,Municipal
95351,2/13/92,12.23,Municipal
95351,2/18/92,12.56,Municipal
95351,2/21/92,12.1,Municipal
95351,2/24/92,20.66,Municipal
95351,2/26/92,10.8,Municipal
95351,2/28/92,12.16,Municipal
95351,3/2/92,11.15,Municipal
95351,3/4/92,14.36,Municipal
95351,3/6/92,11.42,Municipal
95351,3/9/92,16.52,Municipal
95351,3/11/92,16.36,Municipal
95351,3/16/92,12.87,Municipal
95351,3/19/92,16.1,Municipal
95351,3/23/92,15.85,Municipal
95351,3/27/92,11.44,Municipal
95351,4/2/92,11.47,Municipal
95351,4/6/92,22.38,Municipal
95351,4/8/92,11.81,Municipal
95351,4/10/92,11.15,Municipal
95351,4/13/92,23.34,Municipal
95351,4/15/92,11.51,Municipal
95351,4/17/92,10.96,Municipal
95351,4/22/92,11.18,Municipal
95351,4/24/92,10.74,Municipal
95351,4/28/92,12.25,Municipal
95351,5/4/92,16.27,Municipal
95351,5/15/92,17.46,Municipal
95351,5/18/92,14.8,Municipal
95351,5/20/92,14.86,Municipal
95351,5/22/92,14.29,Municipal
95351,5/27/92,22.933,Municipal
95351,5/29/92,23.442,Municipal
95351,6/1/92,13.29,Municipal
95351,6/3/92,13.59,Municipal
95351,6/8/92,23.29,Municipal
95351,6/12/92,12.99,Municipal
95351,6/15/92,23.866,Municipal
95351,6/22/92,22.85,Municipal
95351,6/24/92,12.07,Municipal
95351,6/26/92,13.23,Municipal
95351,6/29/92,11.37,Municipal
95351,7/1/92,12.18,Municipal
95351,7/3/92,12.33,Municipal
95351,7/6/92,11.19,Municipal
95351,7/8/92,23.125,Municipal
95351,7/10/92,11.83,Municipal
95351,7/13/92,23.044,Municipal
95351,7/15/92,11.7,Municipal
95351,7/17/92,11.69,Municipal
95351,7/20/92,12.5,Municipal
95351,9/1/92,13.58,Municipal
95351,10/1/92,13.73,Municipal
95351,11/2/92,12.34,Municipal
95351,12/2/92,12.49,Municipal
95351,1/4/93,11.67,Municipal
95351,4/5/93,13.64,Municipal
95351,7/12/93,14.15,Municipal
95351,6/27/90,12.0,Municipal
95351,7/12/90,11.0,Municipal
95351,7/12/90,11.0,Municipal
95351,7/13/90,10.0,Municipal
95351,2/1/90,13.0,Municipal
95351,2/2/90,13.2,Municipal
95351,2/5/90,12.8,Municipal
95351,2/9/90,10.3,Municipal
95351,2/12/90,10.4,Municipal
95351,5/1/90,11.0,Municipal
95351,7/2/91,13.03,Municipal
95351,7/3/91,14.96,Municipal
95351,7/8/91,22.0,Municipal
95351,7/9/91,17.71,Municipal
95351,7/10/91,19.4,Municipal
95351,7/12/91,18.66,Municipal
95351,7/15/91,17.34,Municipal
95351,7/16/91,14.59,Municipal
95351,7/17/91,15.07,Municipal
95351,7/22/91,12.1,Municipal
95351,7/23/91,12.84,Municipal
95351,7/24/91,12.0,Municipal
95351,7/25/91,13.02,Municipal
95351,8/7/91,14.2,Municipal
95351,8/15/91,11.0,Municipal
95351,8/16/91,12.89,Municipal
95351,12/22/91,12.29,Municipal
95351,1/17/92,10.52,Municipal
95351,1/24/92,11.9,Municipal
95351,1/27/92,12.04,Municipal
95351,2/3/92,11.9,Municipal
95351,2/5/92,12.25,Municipal
95351,2/7/92,13.35,Municipal
95351,2/10/92,12.17,Municipal
95351,2/12/92,13.7,Municipal
95351,2/13/92,12.9,Municipal
95351,2/18/92,12.94,Municipal
95351,2/21/92,11.79,Municipal
95351,2/24/92,11.03,Municipal
95351,3/11/92,12.62,Municipal
95351,3/16/92,14.65,Municipal
95351,3/19/92,10.85,Municipal
95351,5/18/92,13.44,Municipal
95351,5/20/92,12.69,Municipal
95351,5/22/92,13.81,Municipal
95351,5/27/92,13.4,Municipal
95351,5/29/92,10.76,Municipal
95351,6/12/92,13.0,Municipal
95351,6/15/92,14.1,Municipal
95351,6/22/92,10.1,Municipal
95351,6/26/92,13.38,Municipal
95351,6/29/92,13.94,Municipal
95351,7/1/92,14.72,Municipal
95351,7/3/92,13.04,Municipal
95351,7/6/92,12.48,Municipal
95351,7/8/92,10.45,Municipal
95351,7/17/92,12.47,Municipal
95351,7/20/92,16.08,Municipal
95351,12/11/95,12.0,Municipal
95351,11/9/98,10.17,Municipal
95351,6/27/90,12.0,Municipal
95351,7/12/90,12.0,Municipal
95351,7/13/90,11.0,Municipal
95351,7/15/90,11.0,Municipal
95351,7/16/90,11.0,Municipal
95351,7/19/90,12.0,Municipal
95351,7/20/90,12.0,Municipal
95351,7/23/90,11.0,Municipal
95351,7/24/90,10.0,Municipal
95351,7/26/90,11.0,Municipal
95351,1/14/98,10.09,Municipal
95351,6/23/98,11.3,Municipal
95351,7/15/98,12.19,Municipal
95351,9/13/99,11.01,Municipal
95351,8/7/00,11.2,Municipal
95351,9/5/00,11.0,Municipal
95351,10/3/00,12.0,Municipal
95351,5/1/90,13.2,Municipal
95351,7/2/91,12.31,Municipal
95351,4/21/98,13.0,Municipal
95351,4/21/98,12.0,Municipal
95351,9/1/98,11.17,Municipal
95351,10/20/98,10.2,Municipal
95351,10/26/98,11.09,Municipal
95351,10/27/98,10.38,Municipal
95351,11/2/98,12.1,Municipal
95351,11/9/98,11.0,Municipal
95351,3/10/99,10.15,Municipal
95351,4/20/99,10.91,Municipal
95351,4/22/99,10.8,Municipal
95351,4/27/99,10.6,Municipal
95351,6/19/00,12.77,Municipal
95351,12/11/95,11.0,Municipal
95366,11/5/93,10.0,Municipal
95366,4/14/95,10.0,Municipal
95366,5/30/91,15.0,Municipal
95366,7/6/93,15.0,Municipal
95366,1/18/93,10.0,Municipal
95366,1/25/93,11.0,Municipal
95366,3/10/93,12.0,Municipal
95366,3/29/93,11.0,Municipal
95366,11/5/93,13.0,Municipal
95366,3/16/94,17.0,Municipal
95366,6/29/94,19.0,Municipal
95366,9/8/94,23.0,"Water Supply, Other"
95366,9/8/94,102.0,"Water Supply, Other"
95366,9/6/94,44.3,"Water Supply, Other"
95366,9/6/94,10.0,"Water Supply, Other"
95366,9/21/94,20.4,"Water Supply, Other"
95366,6/9/94,55.0,"Water Supply, Other"
95366,6/9/94,243.0,"Water Supply, Other"
93270,2/9/98,11.0,Municipal
93270,2/12/98,11.0,Municipal
93270,3/30/98,11.0,Municipal
93270,4/29/98,11.0,Municipal
93270,6/30/98,11.0,Municipal
93270,9/21/98,12.0,Municipal
93270,11/23/98,12.0,Municipal
93270,5/13/99,15.0,Municipal
93270,2/22/00,12.0,Municipal
93270,4/24/00,11.0,Municipal
95326,5/19/92,12.5,Municipal
95355,9/5/91,10.0,Municipal
95355,6/25/93,10.7,Municipal
95377,8/6/97,12.0,Municipal
95377,10/14/97,10.0,Municipal
95377,10/20/98,11.0,Municipal
95377,10/19/99,10.8,Municipal
95377,7/27/00,12.1,Municipal
95377,8/3/00,12.3,Municipal
95377,11/17/92,11.0,Municipal
95377,11/4/93,15.0,Municipal
95377,11/9/94,13.0,Municipal
95993,10/10/95,10.0,Municipal
95993,4/15/97,10.2,Municipal
95993,8/12/97,10.8,Municipal
95993,4/25/00,10.1,Municipal
95993,10/17/94,10.5,Municipal
95993,6/19/95,10.3,Municipal
95993,9/18/95,10.4,Municipal
95993,12/18/95,10.2,Municipal
95993,3/18/96,10.0,Municipal
95993,10/7/97,10.8,Municipal
95993,1/6/98,10.6,Municipal
95993,4/7/98,10.9,Municipal
95993,7/7/98,10.6,Municipal
95993,10/6/98,10.5,Municipal
95993,1/5/99,10.6,Municipal
95993,4/13/99,10.5,Municipal
95993,10/5/99,10.5,Municipal
95993,1/4/00,10.6,Municipal
95993,4/4/00,10.8,Municipal
95993,7/18/00,10.6,Municipal
95993,10/3/00,10.4,Municipal
95993,11/9/99,10.4,Municipal
95993,1/4/00,10.0,Municipal
95993,10/10/00,11.7,Municipal
95993,4/30/96,10.9,Municipal
95993,8/26/97,11.0,Municipal
95993,11/6/00,10.0,Municipal
95993,4/21/98,12.3,Municipal
95993,5/12/98,10.0,Municipal
95993,6/19/97,12.0,Municipal
95993,10/2/98,13.4,Municipal
95993,7/16/99,13.9,Municipal
95993,9/18/00,11.8,Municipal
95993,6/12/96,18.6,"Water Supply, Other"
95993,6/26/96,42.5,"Water Supply, Other"
95993,6/13/96,53.1,"Water Supply, Other"
95993,6/13/96,12.0,"Water Supply, Other"
95993,8/19/97,10.4,"Water Supply, Other"
95988,12/16/96,13.0,Municipal
95988,12/16/96,13.0,Municipal
95988,7/14/97,12.0,Municipal
95988,7/28/97,14.0,Municipal
95988,9/18/97,13.7,"Water Supply, Other"
93635,7/20/92,22.6,Municipal
93635,7/12/95,12.0,Municipal
93635,7/20/92,12.0,Municipal
95358,10/6/97,10.79,Municipal
95358,6/26/90,12.0,Municipal
95358,6/29/90,11.0,Municipal
95358,7/2/90,12.0,Municipal
95358,7/3/90,11.0,Municipal
95358,7/24/90,10.0,Municipal
95358,7/21/93,10.9,Municipal
95358,6/12/91,10.0,Municipal
95358,9/5/91,11.0,Municipal
95358,1/26/93,10.0,Municipal
95358,7/21/93,10.1,Municipal
95358,6/25/93,11.0,Municipal
95358,4/6/94,11.0,Municipal
95358,4/20/94,11.0,Municipal
95358,2/15/94,16.0,Municipal
95358,11/8/95,10.85,Municipal
95358,11/9/95,12.5,Municipal
95358,1/17/90,11.8,Municipal
95358,1/19/90,10.8,Municipal
95358,1/22/90,10.3,Municipal
95358,1/23/90,10.0,Municipal
95358,1/24/90,10.2,Municipal
95358,3/1/90,10.0,Municipal
95358,4/2/90,10.5,Municipal
95358,4/5/90,10.5,Municipal
95358,4/6/90,10.4,Municipal
95358,4/9/90,10.1,Municipal
95358,11/26/90,10.9,Municipal
95358,12/10/90,10.1,Municipal
95358,12/12/90,10.8,Municipal
95358,1/7/91,10.69,Municipal
95358,1/14/91,11.2,Municipal
95358,1/22/91,11.59,Municipal
95358,1/28/91,10.62,Municipal
95358,2/4/91,11.06,Municipal
95358,3/1/91,10.82,Municipal
95358,3/11/91,11.75,Municipal
95358,3/25/91,12.16,Municipal
95358,4/1/91,10.94,Municipal
95358,4/8/91,11.7,Municipal
95358,4/15/91,11.54,Municipal
95358,4/22/91,11.87,Municipal
95358,5/1/91,12.2,Municipal
95358,5/6/91,11.99,Municipal
95358,5/13/91,12.08,Municipal
95358,5/20/91,11.67,Municipal
95358,5/28/91,11.41,Municipal
95358,6/3/91,11.8,Municipal
95358,6/12/91,11.72,Municipal
95358,6/17/91,11.73,Municipal
95358,7/2/91,12.22,Municipal
95358,7/8/91,11.84,Municipal
95358,7/16/91,11.57,Municipal
95358,7/22/91,11.96,Municipal
95358,7/31/91,12.32,Municipal
95358,8/12/91,12.0,Municipal
95358,8/22/91,11.88,Municipal
95358,8/23/91,12.25,Municipal
95358,8/26/91,12.22,Municipal
95358,8/28/91,12.0,Municipal
95358,8/29/91,12.34,Municipal
95358,8/30/91,11.9,Municipal
95358,12/2/91,13.05,Municipal
95358,12/4/91,12.7,Municipal
95358,12/6/91,12.97,Municipal
95358,12/9/91,13.48,Municipal
95358,12/11/91,13.2,Municipal
95358,12/13/91,12.71,Municipal
95358,12/16/91,12.48,Municipal
95358,12/18/91,12.8,Municipal
95358,12/22/91,15.45,Municipal
95358,12/30/91,12.17,Municipal
95358,1/3/92,11.76,Municipal
95358,1/6/92,13.36,Municipal
95358,1/8/92,11.84,Municipal
95358,1/10/92,12.01,Municipal
95358,1/13/92,12.36,Municipal
95358,1/15/92,11.75,Municipal
95358,1/17/92,12.34,Municipal
95358,1/21/92,12.29,Municipal
95358,1/24/92,11.97,Municipal
95358,1/27/92,12.0,Municipal
95358,1/29/92,12.19,Municipal
95358,2/3/92,12.18,Municipal
95358,2/5/92,11.74,Municipal
95358,2/7/92,12.3,Municipal
95358,2/10/92,11.27,Municipal
95358,2/12/92,12.51,Municipal
95358,2/13/92,11.31,Municipal
95358,2/18/92,12.08,Municipal
95358,2/21/92,11.69,Municipal
95358,2/26/92,11.8,Municipal
95358,2/28/92,12.05,Municipal
95358,3/2/92,11.69,Municipal
95358,3/27/92,11.39,Municipal
95358,3/31/92,12.0,Municipal
95358,4/8/92,12.14,Municipal
95358,4/10/92,11.7,Municipal
95358,4/13/92,12.09,Municipal
95358,4/15/92,10.75,Municipal
95358,4/17/92,11.66,Municipal
95358,4/22/92,11.85,Municipal
95358,4/24/92,11.88,Municipal
95358,5/4/92,12.0,Municipal
95358,5/18/92,11.72,Municipal
95358,5/20/92,12.19,Municipal
95358,5/22/92,10.5,Municipal
95358,5/27/92,10.02,Municipal
95358,6/1/92,10.5,Municipal
95358,6/3/92,11.79,Municipal
95358,6/8/92,12.11,Municipal
95358,6/12/92,11.7,Municipal
95358,6/24/92,12.27,Municipal
95358,6/26/92,12.35,Municipal
95358,6/29/92,11.28,Municipal
95358,7/3/92,11.03,Municipal
95358,7/6/92,10.85,Municipal
95358,7/10/92,10.82,Municipal
95358,7/13/92,10.68,Municipal
95358,7/15/92,10.86,Municipal
95358,7/17/92,10.55,Municipal
95358,7/20/92,11.54,Municipal
95358,10/1/92,11.51,Municipal
95358,11/2/92,10.34,Municipal
95358,12/2/92,10.9,Municipal
95358,9/7/93,10.58,Municipal
95358,10/6/93,11.4,Municipal
95358,6/8/94,35.0,"Water Supply, Other"
95358,7/19/95,19.0,"Water Supply, Other"
95358,5/10/95,17.7,"Water Supply, Other"
95358,5/9/95,79.7,"Water Supply, Other"
95358,5/9/95,18.0,"Water Supply, Other"
95358,5/9/95,18.5,"Water Supply, Other"
95363,7/12/95,10.3,Municipal
95363,7/18/95,10.16,Municipal
95363,7/25/95,10.1,Municipal
95363,8/1/95,10.21,Municipal
95363,9/6/95,10.0,Municipal
95363,9/27/95,10.14,Municipal
95363,10/3/95,10.23,Municipal
95363,10/10/95,10.28,Municipal
95363,10/17/95,10.01,Municipal
95363,10/24/95,10.15,Municipal
95363,10/31/95,10.4,Municipal
95363,11/7/95,10.18,Municipal
95363,11/13/95,10.34,Municipal
95363,11/20/95,10.26,Municipal
95363,11/27/95,10.5,Municipal
95363,12/4/95,10.91,Municipal
95363,12/4/95,10.18,Municipal
95363,12/18/95,10.16,Municipal
95363,12/27/95,10.52,Municipal
95363,3/5/97,10.25,Municipal
95363,3/19/97,10.42,Municipal
95363,3/24/97,10.86,Municipal
95363,7/2/97,10.65,Municipal
95363,7/9/97,10.63,Municipal
95363,7/16/97,11.14,Municipal
95363,7/18/97,10.82,Municipal
95363,7/23/97,11.1,Municipal
95363,9/3/97,10.83,Municipal
95363,12/24/97,11.6,Municipal
95363,4/15/98,11.11,Municipal
95363,4/22/98,10.5,Municipal
95363,5/26/98,10.19,Municipal
95363,6/26/98,10.2,Municipal
95363,7/1/98,10.07,Municipal
95363,5/17/99,11.28,Municipal
95363,5/19/99,10.8,Municipal
95363,5/26/99,10.7,Municipal
95363,7/14/99,11.2,Municipal
95363,7/28/99,10.36,Municipal
95363,9/1/99,10.5,Municipal
95363,9/8/99,10.8,Municipal
95363,9/15/99,10.2,Municipal
95363,9/22/99,11.79,Municipal
95363,6/2/00,10.92,Municipal
95363,6/3/00,11.1,Municipal
95363,6/4/00,11.09,Municipal
95363,6/5/00,11.29,Municipal
95363,6/7/00,11.34,Municipal
95363,6/9/00,11.27,Municipal
95363,6/14/00,10.78,Municipal
95363,6/16/00,11.13,Municipal
95363,6/19/00,11.22,Municipal
95363,6/21/00,11.12,Municipal
95363,6/23/00,11.12,Municipal
95363,6/26/00,11.42,Municipal
95363,6/28/00,11.27,Municipal
95363,6/30/00,11.06,Municipal
95363,8/2/00,11.38,Municipal
95363,8/7/00,11.18,Municipal
95363,8/9/00,11.0,Municipal
95363,8/11/00,10.71,Municipal
95363,8/14/00,11.8,Municipal
95363,8/16/00,10.22,Municipal
95363,8/18/00,11.78,Municipal
95363,8/20/00,11.8,Municipal
95363,8/21/00,11.7,Municipal
95363,8/22/00,11.99,Municipal
95363,8/23/00,11.78,Municipal
95363,8/24/00,11.62,Municipal
95363,8/25/00,11.68,Municipal
95363,8/26/00,11.83,Municipal
95363,8/27/00,11.69,Municipal
95363,8/28/00,12.08,Municipal
95363,8/29/00,12.15,Municipal
95363,8/30/00,12.04,Municipal
95363,8/31/00,12.07,Municipal
95363,9/1/00,12.0,Municipal
95363,9/2/00,12.0,Municipal
95363,9/3/00,12.0,Municipal
95363,9/4/00,12.0,Municipal
95363,9/5/00,12.0,Municipal
95363,9/6/00,12.0,Municipal
95363,9/7/00,12.0,Municipal
95363,9/8/00,12.0,Municipal
95363,9/11/00,12.0,Municipal
95363,9/13/00,12.0,Municipal
95363,9/15/00,12.0,Municipal
95363,9/22/00,12.0,Municipal
95363,9/25/00,11.0,Municipal
95363,9/27/00,12.0,Municipal
95363,9/29/00,12.0,Municipal
95363,10/2/00,12.0,Municipal
95363,10/4/00,12.0,Municipal
95363,10/6/00,12.0,Municipal
95363,10/9/00,12.0,Municipal
95363,10/11/00,12.0,Municipal
95363,10/13/00,12.0,Municipal
95363,10/16/00,12.0,Municipal
95363,10/18/00,12.0,Municipal
95363,10/20/00,12.0,Municipal
95363,10/23/00,12.0,Municipal
95363,10/25/00,12.0,Municipal
95363,10/27/00,12.0,Municipal
95363,10/30/00,12.0,Municipal
95363,11/1/00,11.67,Municipal
95363,11/3/00,11.75,Municipal
95363,11/6/00,11.62,Municipal
95363,11/8/00,11.7,Municipal
95363,11/13/00,11.4,Municipal
95363,11/15/00,11.74,Municipal
95363,11/17/00,11.65,Municipal
95363,11/20/00,11.56,Municipal
95363,11/22/00,11.68,Municipal
95363,11/27/00,11.63,Municipal
95363,11/29/00,11.76,Municipal
95363,1/13/93,10.0,Municipal
95363,6/25/93,12.5,Municipal
95363,4/21/94,11.0,Municipal
95363,3/5/97,10.25,Municipal
95363,3/12/97,11.46,Municipal
95363,3/19/97,11.5,Municipal
95363,3/24/97,12.0,Municipal
95363,7/2/97,14.12,Municipal
95363,7/9/97,12.06,Municipal
95363,7/16/97,12.5,Municipal
95363,7/18/97,12.25,Municipal
95363,7/30/97,12.82,Municipal
95363,9/3/97,14.2,Municipal
95363,10/1/97,12.23,Municipal
95363,10/3/97,12.3,Municipal
95363,10/15/97,13.1,Municipal
95363,10/22/97,12.6,Municipal
95363,10/29/97,12.59,Municipal
95363,11/5/97,12.1,Municipal
95363,11/12/97,11.99,Municipal
95363,11/19/97,12.09,Municipal
95363,12/10/97,13.0,Municipal
95363,12/17/97,12.59,Municipal
95363,12/24/97,10.3,Municipal
95363,12/31/97,12.7,Municipal
95363,1/7/98,12.8,Municipal
95363,1/21/98,11.53,Municipal
95363,1/28/98,12.18,Municipal
95363,4/1/98,12.5,Municipal
95363,4/8/98,12.2,Municipal
95363,4/15/98,10.24,Municipal
95363,4/27/98,12.58,Municipal
95363,5/4/98,12.24,Municipal
95363,5/6/98,12.33,Municipal
95363,5/14/98,12.02,Municipal
95363,5/20/98,12.07,Municipal
95363,5/26/98,12.0,Municipal
95363,5/27/98,12.1,Municipal
95363,5/28/98,12.01,Municipal
95363,6/1/98,12.76,Municipal
95363,6/2/98,12.04,Municipal
95363,6/3/98,12.68,Municipal
95363,6/4/98,12.85,Municipal
95363,6/5/98,12.63,Municipal
95363,6/8/98,13.14,Municipal
95363,6/12/98,13.69,Municipal
95363,6/15/98,10.37,Municipal
95363,6/24/98,11.4,Municipal
95363,6/26/98,11.9,Municipal
95363,7/1/98,11.85,Municipal
95363,7/8/98,13.23,Municipal
95363,7/15/98,12.6,Municipal
95363,7/23/98,12.58,Municipal
95363,7/29/98,11.67,Municipal
95363,8/5/98,11.67,Municipal
95363,8/10/98,11.55,Municipal
95363,8/12/98,11.58,Municipal
95363,8/14/98,11.55,Municipal
95363,8/17/98,11.8,Municipal
95363,8/19/98,11.73,Municipal
95363,8/20/98,11.0,Municipal
95363,8/24/98,11.3,Municipal
95363,8/26/98,12.25,Municipal
95363,8/28/98,11.2,Municipal
95363,8/31/98,12.44,Municipal
95363,9/2/98,12.28,Municipal
95363,9/3/98,12.6,Municipal
95363,9/9/98,12.6,Municipal
95363,9/10/98,13.75,Municipal
95363,9/11/98,13.4,Municipal
95363,9/14/98,14.3,Municipal
95363,9/28/98,14.2,Municipal
95363,9/30/98,12.9,Municipal
95363,10/1/98,14.8,Municipal
95363,10/12/98,13.3,Municipal
95363,10/14/98,13.4,Municipal
95363,10/15/98,14.3,Municipal
95363,10/21/98,11.6,Municipal
95363,10/28/98,12.93,Municipal
95363,11/2/98,12.9,Municipal
95363,11/4/98,13.57,Municipal
95363,11/5/98,14.7,Municipal
95363,11/16/98,14.24,Municipal
95363,11/18/98,15.1,Municipal
95363,11/20/98,10.63,Municipal
95363,11/23/98,15.0,Municipal
95363,11/24/98,13.38,Municipal
95363,11/25/98,13.3,Municipal
95363,11/30/98,13.9,Municipal
95363,12/7/98,13.1,Municipal
95363,12/10/98,13.0,Municipal
95363,12/14/98,12.8,Municipal
95363,12/16/98,13.1,Municipal
95363,12/17/98,12.5,Municipal
95363,12/25/98,13.3,Municipal
95363,1/5/99,12.9,Municipal
95363,1/6/99,12.6,Municipal
95363,1/7/99,12.28,Municipal
95363,1/11/99,12.52,Municipal
95363,1/12/99,12.8,Municipal
95363,1/13/99,12.5,Municipal
95363,1/19/99,11.82,Municipal
95363,1/20/99,12.43,Municipal
95363,1/21/99,12.6,Municipal
95363,1/26/99,12.27,Municipal
95363,3/1/99,12.9,Municipal
95363,3/3/99,14.0,Municipal
95363,3/4/99,14.0,Municipal
95363,3/10/99,12.86,Municipal
95363,3/23/99,12.84,Municipal
95363,3/29/99,13.1,Municipal
95363,3/31/99,13.24,Municipal
95363,4/7/99,13.32,Municipal
95363,4/12/99,14.0,Municipal
95363,4/14/99,12.6,Municipal
95363,4/21/99,15.3,Municipal
95363,4/28/99,14.23,Municipal
95363,5/5/99,14.35,Municipal
95363,5/12/99,13.02,Municipal
95363,5/19/99,13.1,Municipal
95363,5/26/99,12.76,Municipal
95363,5/31/99,13.0,Municipal
95363,7/7/99,13.2,Municipal
95363,7/14/99,12.91,Municipal
95363,7/21/99,13.1,Municipal
95363,7/28/99,12.48,Municipal
95363,9/1/99,13.0,Municipal
95363,9/8/99,12.6,Municipal
95363,9/15/99,13.6,Municipal
95363,9/22/99,12.1,Municipal
95363,9/29/99,12.95,Municipal
95363,10/6/99,13.2,Municipal
95363,10/13/99,12.32,Municipal
95363,10/20/99,12.52,Municipal
95363,10/27/99,12.88,Municipal
95363,11/3/99,13.0,Municipal
95363,11/10/99,13.29,Municipal
95363,11/17/99,12.3,Municipal
95363,11/24/99,12.0,Municipal
95363,1/5/00,13.4,Municipal
95363,1/12/00,14.7,Municipal
95363,1/19/00,13.87,Municipal
95363,1/26/00,13.7,Municipal
95363,2/2/00,12.93,Municipal
95363,2/9/00,12.47,Municipal
95363,2/16/00,13.67,Municipal
95363,3/3/00,13.0,Municipal
95363,3/8/00,13.0,Municipal
95363,3/13/00,14.0,Municipal
95363,3/15/00,14.0,Municipal
95363,3/27/00,14.0,Municipal
95363,3/29/00,13.0,Municipal
95363,3/31/00,13.0,Municipal
95363,6/2/00,10.96,Municipal
95363,6/3/00,12.76,Municipal
95363,6/4/00,13.76,Municipal
95363,6/5/00,13.87,Municipal
95363,6/7/00,13.92,Municipal
95363,6/9/00,13.96,Municipal
95363,6/12/00,13.8,Municipal
95363,6/14/00,13.75,Municipal
95363,6/16/00,13.57,Municipal
95363,6/19/00,12.01,Municipal
95363,6/21/00,13.4,Municipal
95363,6/23/00,13.31,Municipal
95363,6/26/00,13.53,Municipal
95363,6/28/00,11.27,Municipal
95363,6/30/00,13.5,Municipal
95363,8/2/00,13.22,Municipal
95363,8/7/00,13.74,Municipal
95363,8/9/00,13.77,Municipal
95363,8/11/00,13.95,Municipal
95363,8/14/00,13.8,Municipal
95363,8/16/00,13.85,Municipal
95363,8/18/00,13.81,Municipal
95363,8/22/00,12.84,Municipal
95363,8/23/00,12.28,Municipal
95363,8/26/00,11.92,Municipal
95363,8/27/00,12.01,Municipal
95363,8/28/00,12.19,Municipal
95363,8/29/00,12.26,Municipal
95363,8/30/00,12.35,Municipal
95363,8/31/00,12.16,Municipal
95363,9/1/00,12.0,Municipal
95363,9/2/00,12.0,Municipal
95363,9/3/00,12.0,Municipal
95363,9/4/00,12.0,Municipal
95363,9/5/00,12.0,Municipal
95363,9/7/00,12.0,Municipal
95363,9/8/00,12.0,Municipal
95363,9/11/00,12.0,Municipal
95363,9/15/00,12.0,Municipal
95363,10/2/00,12.0,Municipal
95363,10/4/00,12.0,Municipal
95363,10/6/00,12.0,Municipal
95363,10/9/00,12.0,Municipal
95363,10/11/00,12.0,Municipal
95363,10/13/00,12.0,Municipal
95363,10/16/00,12.0,Municipal
95363,10/18/00,11.0,Municipal
95363,10/20/00,12.0,Municipal
95363,10/23/00,11.0,Municipal
95363,10/25/00,11.0,Municipal
95363,10/27/00,11.0,Municipal
95363,10/30/00,10.0,Municipal
95363,11/1/00,11.2,Municipal
95363,11/3/00,11.75,Municipal
95363,11/6/00,10.22,Municipal
95363,11/8/00,10.16,Municipal
95363,11/15/00,10.01,Municipal
95382,12/6/93,12.0,Municipal
95382,1/20/99,10.0,Municipal
93561,9/20/00,10.0,Municipal
93561,12/20/00,10.3,Municipal
93561,6/14/99,16.0,Municipal
93561,7/22/99,13.0,Municipal
93561,9/1/99,11.0,Municipal
93561,1/11/96,11.0,Municipal
93561,12/27/95,13.1,Municipal
93561,1/11/96,11.0,Municipal
93203,5/26/99,12.0,Municipal
93203,2/15/00,11.0,Municipal
93203,6/11/92,13.0,Municipal
93203,10/1/92,14.0,Municipal
93203,11/24/92,12.6,Municipal
93203,12/23/92,13.0,Municipal
93203,1/28/93,14.0,Municipal
93203,2/25/93,16.0,Municipal
93203,3/22/93,15.0,Municipal
93203,4/23/93,15.0,Municipal
93203,5/11/93,16.0,Municipal
93203,7/1/93,16.0,Municipal
93203,7/21/93,17.0,Municipal
93203,8/26/93,16.0,Municipal
93203,9/16/93,17.0,Municipal
93203,10/12/93,17.0,Municipal
93203,11/30/93,16.0,Municipal
93203,12/29/93,16.0,Municipal
93203,1/24/94,17.0,Municipal
93203,2/24/94,15.0,Municipal
93203,3/16/94,17.0,Municipal
93203,4/19/94,14.0,Municipal
93203,5/11/94,19.0,Municipal
93203,6/8/94,22.6,Municipal
93203,6/14/94,17.0,Municipal
93203,7/5/94,17.0,Municipal
93203,8/9/94,17.1,Municipal
93203,9/13/94,17.0,Municipal
93203,10/26/94,18.0,Municipal
93203,11/9/94,17.0,Municipal
93203,11/16/94,16.0,Municipal
93203,11/23/94,18.0,Municipal
93203,12/20/94,17.0,Municipal
93203,12/28/94,17.0,Municipal
93203,1/9/95,17.0,Municipal
93203,5/8/95,18.0,Municipal
93203,5/17/95,16.0,Municipal
93203,5/25/95,18.0,Municipal
93203,5/25/95,18.0,Municipal
93203,6/1/95,18.0,Municipal
93203,6/8/95,18.0,Municipal
93203,6/13/95,18.0,Municipal
93203,6/13/95,20.0,Municipal
93203,6/20/95,19.0,Municipal
93203,6/20/95,17.0,Municipal
93203,6/25/95,19.0,Municipal
93203,6/26/95,19.0,Municipal
93203,7/27/95,17.0,Municipal
93203,7/28/95,19.0,Municipal
93203,7/31/95,21.0,Municipal
93203,8/1/95,21.0,Municipal
93203,8/10/95,22.6,Municipal
93203,8/10/95,21.0,Municipal
93203,12/20/94,14.0,Municipal
93203,10/18/00,27.1,Municipal
93203,2/20/97,10.4,Municipal
93203,9/10/98,10.0,Municipal
93203,6/13/00,11.0,Municipal
93203,12/7/99,10.0,Municipal
93203,7/21/93,10.5,Municipal
93203,9/16/93,14.0,Municipal
93203,1/24/94,10.0,Municipal
93203,2/24/94,10.0,Municipal
93203,3/16/94,15.0,Municipal
93203,5/11/94,10.0,Municipal
93203,6/8/94,14.0,Municipal
93203,12/20/94,12.0,Municipal
93203,6/8/95,10.0,Municipal
93203,6/13/95,10.4,Municipal
93203,6/13/95,12.0,Municipal
93203,7/31/95,10.0,Municipal
93203,2/27/96,21.0,Municipal
93203,6/18/96,21.0,Municipal
93203,3/10/97,20.8,Municipal
93203,9/15/97,21.4,Municipal
93203,12/8/97,22.0,Municipal
93203,3/2/98,22.0,Municipal
93203,6/8/98,21.0,Municipal
93203,9/9/98,14.0,Municipal
93203,12/2/98,14.0,Municipal
93203,3/1/99,16.0,Municipal
93203,6/9/99,15.0,Municipal
93203,9/10/99,16.0,Municipal
93203,12/10/99,16.0,Municipal
93203,3/3/00,16.9,Municipal
93203,6/9/00,16.3,Municipal
93203,9/15/00,15.9,Municipal
93203,9/15/00,15.9,Municipal
93203,9/15/00,15.9,Municipal
93203,9/15/00,15.9,Municipal
93203,9/15/00,15.9,Municipal
93203,12/8/00,16.2,Municipal
95304,2/29/96,11.0,Municipal
95304,8/15/96,13.0,Municipal
93274,9/24/90,21.0,Municipal
93274,6/22/99,20.0,Municipal
93274,9/21/99,14.0,Municipal
93274,3/15/00,14.0,Municipal
93274,4/12/00,13.0,Municipal
93274,4/12/00,14.0,Municipal
93274,4/12/00,14.0,Municipal
93274,4/12/00,14.0,Municipal
93274,4/12/00,14.0,Municipal
93274,4/12/00,14.0,Municipal
93274,4/12/00,14.0,Municipal
93274,4/12/00,14.0,Municipal
93274,9/29/94,15.0,Municipal
93274,7/21/95,11.0,Municipal
93274,5/17/95,10.0,Municipal
93274,3/29/95,57.5,"Water Supply, Other"
93274,3/29/95,13.0,"Water Supply, Other"
93274,4/18/95,21.2,"Water Supply, Other"
93274,6/27/95,23.5,"Water Supply, Other"
93274,6/27/95,18.6,"Water Supply, Other"
95315,11/27/96,14.0,Municipal
95315,10/8/97,13.0,Municipal
93636,1/19/00,12.0,Municipal
93636,4/29/99,10.0,Municipal
93636,10/19/00,10.0,Municipal
93636,3/30/95,26.1,"Water Supply, Other"
95380,3/16/94,11.0,Municipal
95380,4/18/90,15.7,Municipal
95380,6/13/90,12.9,Municipal
95380,7/27/94,37.0,"Water Supply, Other"
95380,7/27/94,164.0,"Water Supply, Other"
95380,8/11/94,32.0,"Water Supply, Other"
95380,8/11/94,142.0,"Water Supply, Other"
95380,4/20/95,29.0,"Water Supply, Other"
95380,4/20/95,128.0,"Water Supply, Other"
95380,7/18/95,75.3,"Water Supply, Other"
95380,7/18/95,17.0,"Water Supply, Other"
95380,5/8/95,106.0,"Water Supply, Other"
95380,5/8/95,24.0,"Water Supply, Other"
95380,5/8/95,142.0,"Water Supply, Other"
95380,5/8/95,32.1,"Water Supply, Other"
93241,2/27/96,13.0,Municipal
93241,4/15/97,21.6,Municipal
93241,6/16/97,22.4,Municipal
93241,12/2/98,10.0,Municipal
95320,3/26/90,10.7,Municipal
95320,9/6/90,11.0,Municipal
95320,9/9/94,11.0,Municipal
95320,8/3/95,10.0,Municipal
95320,9/27/95,10.0,Municipal
95320,8/19/96,13.0,Municipal
95320,6/26/96,11.0,Municipal
95320,9/9/96,11.0,Municipal
95320,9/18/96,10.0,Municipal
95320,11/27/96,10.0,Municipal
95320,11/29/96,15.0,Municipal
95320,12/2/96,11.0,Municipal
95320,12/9/96,11.0,Municipal
95320,12/13/96,11.0,Municipal
95320,6/7/94,11.0,"Water Supply, Other"
95320,6/7/94,48.7,"Water Supply, Other"
95320,7/20/95,66.4,"Water Supply, Other"
95320,7/20/95,15.0,"Water Supply, Other"
95688,12/21/95,20.0,Municipal
95688,12/21/95,20.0,Municipal
95688,2/21/96,19.0,Municipal
95688,3/4/96,19.0,Municipal
95688,4/13/99,16.0,Municipal
95688,8/9/00,13.0,Municipal
93280,1/18/91,15.0,Municipal
93280,2/14/95,10.0,Municipal
93280,11/18/97,14.0,Municipal
93280,6/1/99,14.0,Municipal
93280,12/5/00,12.9,Municipal
93280,10/30/90,10.0,Municipal
93280,3/28/00,13.2,Municipal
93280,11/29/95,19.0,Municipal
93280,12/14/95,19.0,Municipal
93280,12/14/95,19.0,Municipal
93280,12/14/95,19.0,Municipal
93280,5/29/96,18.2,Municipal
93280,4/29/97,16.0,Municipal
93280,8/22/97,11.0,Municipal
93280,7/29/99,17.0,Municipal
93280,10/26/99,19.0,Municipal
93280,1/14/00,16.0,Municipal
93280,7/17/00,19.0,Municipal
93280,10/11/00,19.0,Municipal
93280,11/30/00,19.0,Municipal
95336,5/30/91,11.0,Municipal
95336,10/7/99,10.0,Municipal
95336,9/22/94,42.1,"Water Supply, Other"
95336,9/22/94,35.9,"Water Supply, Other"
94513,8/16/90,11.4,Municipal
95317,7/21/92,10.5,Municipal
95317,7/21/92,10.0,Municipal
93313,12/23/92,54.2,Municipal
93313,2/11/93,52.0,Municipal
93313,11/10/95,22.0,Municipal
93313,5/3/95,22.0,Municipal
93313,5/5/95,18.8,Municipal
93313,4/15/97,15.0,Municipal
93313,6/24/99,24.8,Municipal
93313,12/21/99,27.1,Municipal
93313,3/28/00,24.8,Municipal
93313,6/20/00,24.8,Municipal
93313,12/19/00,22.0,Municipal
95205,9/10/90,11.0,Municipal
95322,1/19/93,11.0,Municipal
95348,9/27/95,10.1,Municipal
95348,12/21/95,10.3,Municipal
95348,5/28/96,10.0,Municipal
95348,9/2/92,36.7,"Water Supply, Other"
95348,8/31/93,40.3,"Water Supply, Other"
93215,2/29/00,12.0,Municipal
93215,6/6/95,43.4,"Water Supply, Other"
93215,6/6/95,70.8,"Water Supply, Other"
93215,6/6/95,16.0,"Water Supply, Other"
93219,4/14/92,12.5,Municipal
93219,12/5/92,13.4,Municipal
95387,12/21/99,11.0,Municipal
93291,4/8/93,10.0,Municipal
93291,3/14/90,12.0,Municipal
93291,6/14/91,13.0,Municipal
93291,12/24/91,11.0,Municipal
93291,12/22/92,10.9,Municipal
93291,5/14/93,12.5,Municipal
93291,7/6/93,10.9,Municipal
95328,8/20/92,10.0,Municipal
95328,11/7/94,10.0,Municipal
95969,3/14/97,11.0,Municipal
95969,3/31/97,11.0,Municipal
94505,3/3/00,10.0,Municipal
93271,5/23/90,12.0,Municipal
95948,12/21/99,10.0,Municipal
95948,3/31/00,10.0,Municipal
95648,5/2/96,11.1,Municipal
95648,5/16/96,20.5,Municipal
95648,8/15/96,10.8,Municipal
95648,11/26/96,10.3,Municipal
96007,7/31/92,16.2,Municipal
95687,6/17/98,10.0,Municipal
93657,6/26/90,12.0,Municipal
93657,3/7/95,10.2,"Water Supply, Other"
93657,8/3/94,10.2,"Water Supply, Other"
93657,8/8/95,11.5,"Water Supply, Other"
93657,8/23/95,11.0,"Water Supply, Other"
93657,8/23/95,48.7,"Water Supply, Other"
93657,8/22/95,14.6,"Water Supply, Other"
93657,4/11/95,10.6,"Water Supply, Other"
93657,8/23/95,62.0,"Water Supply, Other"
93657,8/23/95,14.0,"Water Supply, Other"
93657,8/9/95,12.8,"Water Supply, Other"
93657,8/4/94,53.1,"Water Supply, Other"
93657,8/4/94,12.0,"Water Supply, Other"
93657,4/12/95,12.0,"Water Supply, Other"
93657,4/12/95,53.1,"Water Supply, Other"
93657,8/9/95,11.0,"Water Supply, Other"
93657,8/9/95,48.7,"Water Supply, Other"
93657,8/4/94,27.4,"Water Supply, Other"
93657,4/12/95,25.2,"Water Supply, Other"
93657,8/8/95,27.0,"Water Supply, Other"
93657,6/16/94,26.1,"Water Supply, Other"
93657,3/7/95,29.7,"Water Supply, Other"
93657,8/3/94,22.6,"Water Supply, Other"
93657,3/7/95,22.6,"Water Supply, Other"
93657,8/8/95,18.1,"Water Supply, Other"
93657,6/17/94,35.0,"Water Supply, Other"
93657,4/11/95,41.2,"Water Supply, Other"
93657,9/20/93,23.9,"Water Supply, Other"
93657,8/17/93,62.0,"Water Supply, Other"
93657,8/17/93,14.0,"Water Supply, Other"
95963,12/29/00,13.0,"Water Supply, Other"
95316,7/28/94,88.5,"Water Supply, Other"
95316,7/28/94,20.0,"Water Supply, Other"
95316,8/10/94,40.2,"Water Supply, Other"
95316,8/10/94,17.0,"Water Supply, Other"
95316,8/10/94,75.3,"Water Supply, Other"
93619,6/8/95,28.8,"Water Supply, Other"
93619,3/28/95,19.0,"Water Supply, Other"
93638,6/20/95,11.1,"Water Supply, Other"
95388,6/7/94,10.0,"Water Supply, Other"
95388,6/7/94,44.3,"Water Supply, Other"
95388,8/9/94,31.4,"Water Supply, Other"
95388,7/11/91,35.0,"Water Supply, Other"
95388,9/1/92,10.2,"Water Supply, Other"
95388,8/31/93,11.1,"Water Supply, Other"
95388,6/19/95,12.8,"Water Supply, Other"
95388,8/9/94,14.0,"Water Supply, Other"
95388,8/9/94,62.0,"Water Supply, Other"
93616,7/17/00,46.1,"Water Supply, Other"
93616,7/14/99,10.2,"Water Supply, Other"
93616,7/14/99,45.0,"Water Supply, Other"
93616,7/17/00,10.4,"Water Supply, Other"
93616,9/14/94,41.3,"Water Supply, Other"
93616,9/14/94,31.0,"Water Supply, Other"
93616,9/16/93,48.7,"Water Supply, Other"
93616,9/16/93,11.0,"Water Supply, Other"
95357,7/12/95,40.7,"Water Supply, Other"
95357,7/26/94,11.0,"Water Supply, Other"
95357,7/26/94,48.7,"Water Supply, Other"
95357,9/20/94,23.5,"Water Supply, Other"
93662,8/17/93,43.4,"Water Supply, Other"
93662,7/13/99,12.3,"Water Supply, Other"
93662,7/13/99,54.3,"Water Supply, Other"
93662,7/18/00,53.4,"Water Supply, Other"
93662,7/18/00,12.1,"Water Supply, Other"
93662,9/13/94,97.3,"Water Supply, Other"
93662,9/13/94,22.0,"Water Supply, Other"
93662,9/13/94,88.4,"Water Supply, Other"
93662,9/13/94,20.0,"Water Supply, Other"
93662,9/12/94,36.2,"Water Supply, Other"
93625,7/15/99,16.1,"Water Supply, Other"
93625,9/15/93,27.0,"Water Supply, Other"
93625,7/19/00,15.9,"Water Supply, Other"
93625,8/16/94,10.5,"Water Supply, Other"
93625,8/21/95,23.9,"Water Supply, Other"
93625,9/14/94,26.1,"Water Supply, Other"
93723,6/20/95,13.7,"Water Supply, Other"
95386,9/21/94,32.3,"Water Supply, Other"
93637,8/18/93,27.0,"Water Supply, Other"
93637,9/2/93,14.0,"Water Supply, Other"
93637,9/1/93,11.0,"Water Supply, Other"
93637,8/18/93,21.2,"Water Supply, Other"
93630,8/31/93,12.8,"Water Supply, Other"
93630,8/31/93,35.8,"Water Supply, Other"
95340,9/2/92,12.0,"Water Supply, Other"
95340,9/2/93,19.0,"Water Supply, Other"
95340,9/1/92,12.8,"Water Supply, Other"
95340,9/2/93,14.2,"Water Supply, Other"
95340,9/1/93,13.3,"Water Supply, Other"
95340,8/19/92,12.8,"Water Supply, Other"
95340,9/2/93,13.7,"Water Supply, Other"
95340,8/20/92,14.2,"Water Supply, Other"
95340,9/1/93,14.6,"Water Supply, Other"
95341,9/2/92,15.5,"Water Supply, Other"
95341,9/2/93,15.1,"Water Supply, Other"
95341,9/3/92,13.3,"Water Supply, Other"
95341,9/1/93,11.0,"Water Supply, Other"
95341,8/20/92,12.0,"Water Supply, Other"
95341,8/20/92,53.1,"Water Supply, Other"
95341,9/1/93,48.7,"Water Supply, Other"
95341,7/25/95,27.0,"Water Supply, Other"
95365,8/19/92,40.3,"Water Supply, Other"
95365,9/1/93,39.4,"Water Supply, Other"
93609,9/1/93,12.0,"Water Supply, Other"
93609,9/1/93,53.0,"Water Supply, Other"
93609,8/19/93,20.8,"Water Supply, Other"
93272,6/7/95,30.1,"Water Supply, Other"
93272,6/8/95,23.9,"Water Supply, Other"
93272,5/23/95,14.6,"Water Supply, Other"
95333,7/11/91,16.4,"Water Supply, Other"
95333,8/19/92,16.8,"Water Supply, Other"
95333,9/1/93,16.4,"Water Supply, Other"
95333,6/22/95,21.2,"Water Supply, Other"
95333,9/1/92,23.0,"Water Supply, Other"
95333,9/1/93,26.6,"Water Supply, Other"
95337,6/6/94,43.8,"Water Supply, Other"
95337,8/18/94,53.0,"Water Supply, Other"
95337,8/18/94,235.0,"Water Supply, Other"
95337,8/18/94,21.2,"Water Supply, Other"
95834,8/4/98,28.4,"Water Supply, Other"
95823,7/22/98,25.9,"Water Supply, Other"
95823,7/21/98,33.8,"Water Supply, Other"
95645,9/8/97,13.9,"Water Supply, Other"
95674,6/4/96,18.1,"Water Supply, Other"
93277,5/23/95,62.0,"Water Supply, Other"
93277,5/23/95,14.0,"Water Supply, Other"
93277,6/26/95,27.4,"Water Supply, Other"
93277,6/26/95,79.7,"Water Supply, Other"
93277,6/26/95,18.0,"Water Supply, Other"
95301,7/27/94,12.8,"Water Supply, Other"
95301,8/17/94,19.0,"Water Supply, Other"
95301,9/20/94,32.0,"Water Supply, Other"
95301,9/20/94,142.0,"Water Supply, Other"
95301,8/17/94,13.3,"Water Supply, Other"
95626,8/7/96,14.6,"Water Supply, Other"
95626,8/11/97,27.5,"Water Supply, Other"
93622,5/22/90,17.2,"Water Supply, Other"
93622,5/22/90,15.1,"Water Supply, Other"
93622,4/18/90,230.0,"Water Supply, Other"
93622,4/18/90,1020.0,"Water Supply, Other"
93622,7/11/90,37.8,"Water Supply, Other"
93622,7/11/90,167.0,"Water Supply, Other"
93622,5/22/90,32.0,"Water Supply, Other"
93622,5/22/90,142.0,"Water Supply, Other"
93622,7/11/90,14.0,"Water Supply, Other"
93622,7/11/90,62.0,"Water Supply, Other"
93622,4/16/90,16.0,"Water Supply, Other"
93622,4/16/90,70.8,"Water Supply, Other"
93622,5/9/90,120.0,"Water Supply, Other"
93622,5/9/90,531.0,"Water Supply, Other"
93622,7/12/90,14.0,"Water Supply, Other"
93622,7/12/90,61.8,"Water Supply, Other"
93622,5/23/90,18.6,"Water Supply, Other"
93622,5/23/90,82.2,"Water Supply, Other"
93622,4/17/90,23.0,"Water Supply, Other"
93622,4/17/90,102.0,"Water Supply, Other"
93622,4/18/90,30.5,"Water Supply, Other"
93622,5/24/90,11.1,"Water Supply, Other"
93622,8/22/90,79.7,"Water Supply, Other"
93622,8/22/90,18.0,"Water Supply, Other"
93622,7/12/90,190.0,"Water Supply, Other"
93622,7/12/90,841.0,"Water Supply, Other"
93622,5/9/90,19.0,"Water Supply, Other"
93622,5/9/90,84.1,"Water Supply, Other"
93622,5/10/90,19.0,"Water Supply, Other"
93622,5/8/90,58.0,"Water Supply, Other"
93622,5/8/90,257.0,"Water Supply, Other"
93622,5/10/90,114.0,"Water Supply, Other"
93622,5/10/90,25.8,"Water Supply, Other"
93622,5/10/90,24.4,"Water Supply, Other"
93622,5/10/90,108.0,"Water Supply, Other"
93622,7/10/90,28.3,"Water Supply, Other"
93622,5/8/90,17.0,"Water Supply, Other"
93622,5/8/90,75.3,"Water Supply, Other"
93622,7/10/90,26.0,"Water Supply, Other"
93622,7/10/90,115.0,"Water Supply, Other"
93622,5/9/90,30.5,"Water Supply, Other"
93622,5/9/90,89.0,"Water Supply, Other"
93622,5/9/90,394.0,"Water Supply, Other"
93622,4/17/90,160.0,"Water Supply, Other"
93622,4/17/90,708.0,"Water Supply, Other"
93622,4/17/90,70.8,"Water Supply, Other"
93622,4/17/90,16.0,"Water Supply, Other"
93622,7/12/90,79.0,"Water Supply, Other"
93622,7/12/90,350.0,"Water Supply, Other"
93622,7/11/90,53.1,"Water Supply, Other"
93622,7/11/90,12.0,"Water Supply, Other"
93622,4/18/90,38.9,"Water Supply, Other"
93622,4/18/90,172.0,"Water Supply, Other"
93622,5/9/90,22.0,"Water Supply, Other"
93622,5/9/90,97.4,"Water Supply, Other"
93245,5/25/95,57.3,"Water Supply, Other"
93245,5/25/95,12.9,"Water Supply, Other"
93245,8/9/90,12.9,"Water Supply, Other"
93245,8/9/90,57.2,"Water Supply, Other"
93249,10/19/92,16.8,"Water Supply, Other"
93249,10/19/92,11.0,"Water Supply, Other"
93249,10/19/92,48.6,"Water Supply, Other"
93311,8/7/90,78.8,"Water Supply, Other"
93311,8/7/90,17.8,"Water Supply, Other"
93610,8/1/95,28.3,"Water Supply, Other"
93610,8/2/95,15.5,"Water Supply, Other"
95758,7/15/98,11.0,"Water Supply, Other"
95758,7/13/98,13.6,"Water Supply, Other"
95758,7/16/98,10.6,"Water Supply, Other"
95758,7/14/98,11.6,"Water Supply, Other"
95833,8/6/98,35.5,"Water Supply, Other"
95833,8/5/98,25.5,"Water Supply, Other"
95966,6/11/96,20.8,"Water Supply, Other"
93656,8/10/95,14.9,"Water Supply, Other"
93656,8/10/95,66.1,"Water Supply, Other"
95827,6/5/96,12.4,"Water Supply, Other"
95220,9/9/93,20.4,"Water Supply, Other"
95369,7/10/91,14.2,"Water Supply, Other"
95369,8/31/92,23.0,"Water Supply, Other"
95369,8/31/93,35.9,"Water Supply, Other"
95369,7/11/91,10.2,"Water Supply, Other"
95826,5/13/96,26.6,"Water Supply, Other"
93206,6/13/95,37.6,"Water Supply, Other"
93230,8/9/90,22.3,"Water Supply, Other"
93230,8/9/90,98.7,"Water Supply, Other"
93230,1/14/92,19.0,"Water Supply, Other"
93230,1/14/92,84.1,"Water Supply, Other"
95324,7/19/95,36.3,"Water Supply, Other"
95324,11/8/91,10.6,"Water Supply, Other"
95324,11/8/91,12.4,"Water Supply, Other"
95843,8/19/98,16.0,"Water Supply, Other"
95303,9/8/94,20.0,"Water Supply, Other"
95303,9/8/94,88.5,"Water Supply, Other"
93640,8/26/90,26.4,"Water Supply, Other"
93201,1/13/92,86.7,"Water Supply, Other"
93201,1/13/92,384.0,"Water Supply, Other"
93201,8/8/90,30.1,"Water Supply, Other"
95943,10/1/97,10.3,"Water Supply, Other"
